X,Sin(x),X,Cos(x),X,Sqrt(x),X,Log10(x)
-6.283185307,2.45E-16,-6.283185307,1,0,0,0,#N/A
-6.234097922,0.049067674,-6.234097922,0.998795456,0.5,0.707106781,0.5,-0.301029996
-6.185010537,0.09801714,-6.185010537,0.995184727,1,1,1,0
-6.135923152,0.146730474,-6.135923152,0.98917651,1.5,1.224744871,1.5,0.176091259
-6.086835766,0.195090322,-6.086835766,0.98078528,2,1.414213562,2,0.301029996
-6.037748381,0.24298018,-6.037748381,0.970031253,2.5,1.58113883,2.5,0.397940009
-5.988660996,0.290284677,-5.988660996,0.956940336,3,1.732050808,3,0.477121255
-5.939573611,0.336889853,-5.939573611,0.941544065,3.5,1.870828693,3.5,0.544068044
-5.890486225,0.382683432,-5.890486225,0.923879533,4,2,4,0.602059991
-5.84139884,0.427555093,-5.84139884,0.903989293,4.5,2.121320344,4.5,0.653212514
-5.792311455,0.471396737,-5.792311455,0.881921264,5,2.236067977,5,0.698970004
-5.74322407,0.514102744,-5.74322407,0.85772861,5.5,2.34520788,5.5,0.740362689
-5.694136685,0.555570233,-5.694136685,0.831469612,6,2.449489743,6,0.77815125
-5.645049299,0.595699304,-5.645049299,0.803207531,6.5,2.549509757,6.5,0.812913357
-5.595961914,0.634393284,-5.595961914,0.773010453,7,2.645751311,7,0.84509804
-5.546874529,0.671558955,-5.546874529,0.740951125,7.5,2.738612788,7.5,0.875061263
-5.497787144,0.707106781,-5.497787144,0.707106781,8,2.828427125,8,0.903089987
-5.448699759,0.740951125,-5.448699759,0.671558955,8.5,2.915475947,8.5,0.929418926
-5.399612373,0.773010453,-5.399612373,0.634393284,9,3,9,0.954242509
-5.350524988,0.803207531,-5.350524988,0.595699304,9.5,3.082207001,9.5,0.977723605
-5.301437603,0.831469612,-5.301437603,0.555570233,10,3.16227766,10,1
-5.252350218,0.85772861,-5.252350218,0.514102744,10.5,3.240370349,10.5,1.021189299
-5.203262833,0.881921264,-5.203262833,0.471396737,11,3.31662479,11,1.041392685
-5.154175447,0.903989293,-5.154175447,0.427555093,11.5,3.391164992,11.5,1.06069784
-5.105088062,0.923879533,-5.105088062,0.382683432,12,3.464101615,12,1.079181246
-5.056000677,0.941544065,-5.056000677,0.336889853,12.5,3.535533906,12.5,1.096910013
-5.006913292,0.956940336,-5.006913292,0.290284677,13,3.605551275,13,1.113943352
-4.957825906,0.970031253,-4.957825906,0.24298018,13.5,3.674234614,13.5,1.130333768
-4.908738521,0.98078528,-4.908738521,0.195090322,14,3.741657387,14,1.146128036
-4.859651136,0.98917651,-4.859651136,0.146730474,14.5,3.807886553,14.5,1.161368002
-4.810563751,0.995184727,-4.810563751,0.09801714,15,3.872983346,15,1.176091259
-4.761476366,0.998795456,-4.761476366,0.049067674,15.5,3.937003937,15.5,1.190331698
-4.71238898,1,-4.71238898,5.15E-15,16,4,16,1.204119983
-4.663301595,0.998795456,-4.663301595,-0.049067674,16.5,4.062019202,16.5,1.217483944
-4.61421421,0.995184727,-4.61421421,-0.09801714,17,4.123105626,17,1.230448921
-4.565126825,0.98917651,-4.565126825,-0.146730474,17.5,4.183300133,17.5,1.243038049
-4.51603944,0.98078528,-4.51603944,-0.195090322,18,4.242640687,18,1.255272505
-4.466952054,0.970031253,-4.466952054,-0.24298018,18.5,4.301162634,18.5,1.267171728
-4.417864669,0.956940336,-4.417864669,-0.290284677,19,4.358898944,19,1.278753601
-4.368777284,0.941544065,-4.368777284,-0.336889853,19.5,4.415880433,19.5,1.290034611
-4.319689899,0.923879533,-4.319689899,-0.382683432,20,4.472135955,20,1.301029996
-4.270602513,0.903989293,-4.270602513,-0.427555093,20.5,4.527692569,20.5,1.311753861
-4.221515128,0.881921264,-4.221515128,-0.471396737,21,4.582575695,21,1.322219295
-4.172427743,0.85772861,-4.172427743,-0.514102744,21.5,4.636809248,21.5,1.33243846
-4.123340358,0.831469612,-4.123340358,-0.555570233,22,4.69041576,22,1.342422681
-4.074252973,0.803207531,-4.074252973,-0.595699304,22.5,4.74341649,22.5,1.352182518
-4.025165587,0.773010453,-4.025165587,-0.634393284,23,4.795831523,23,1.361727836
-3.976078202,0.740951125,-3.976078202,-0.671558955,23.5,4.847679857,23.5,1.371067862
-3.926990817,0.707106781,-3.926990817,-0.707106781,24,4.898979486,24,1.380211242
-3.877903432,0.671558955,-3.877903432,-0.740951125,24.5,4.949747468,24.5,1.389166084
-3.828816047,0.634393284,-3.828816047,-0.773010453,25,5,25,1.397940009
-3.779728661,0.595699304,-3.779728661,-0.803207531,25.5,5.049752469,25.5,1.40654018
-3.730641276,0.555570233,-3.730641276,-0.831469612,26,5.099019514,26,1.414973348
-3.681553891,0.514102744,-3.681553891,-0.85772861,26.5,5.14781507,26.5,1.423245874
-3.632466506,0.471396737,-3.632466506,-0.881921264,27,5.196152423,27,1.431363764
-3.583379121,0.427555093,-3.583379121,-0.903989293,27.5,5.244044241,27.5,1.439332694
-3.534291735,0.382683432,-3.534291735,-0.923879533,28,5.291502622,28,1.447158031
-3.48520435,0.336889853,-3.48520435,-0.941544065,28.5,5.338539126,28.5,1.45484486
-3.436116965,0.290284677,-3.436116965,-0.956940336,29,5.385164807,29,1.462397998
-3.38702958,0.24298018,-3.38702958,-0.970031253,29.5,5.431390246,29.5,1.469822016
-3.337942194,0.195090322,-3.337942194,-0.98078528,30,5.477225575,30,1.477121255
-3.288854809,0.146730474,-3.288854809,-0.98917651,30.5,5.522680509,30.5,1.484299839
-3.239767424,0.09801714,-3.239767424,-0.995184727,31,5.567764363,31,1.491361694
-3.190680039,0.049067674,-3.190680039,-0.998795456,31.5,5.61248608,31.5,1.498310554
-3.141592654,1.05E-14,-3.141592654,-1,32,5.656854249,32,1.505149978
-3.092505268,-0.049067674,-3.092505268,-0.998795456,32.5,5.700877125,32.5,1.511883361
-3.043417883,-0.09801714,-3.043417883,-0.995184727,33,5.744562647,33,1.51851394
-2.994330498,-0.146730474,-2.994330498,-0.98917651,33.5,5.787918451,33.5,1.525044807
-2.945243113,-0.195090322,-2.945243113,-0.98078528,34,5.830951895,34,1.531478917
-2.896155728,-0.24298018,-2.896155728,-0.970031253,34.5,5.873670062,34.5,1.537819095
-2.847068342,-0.290284677,-2.847068342,-0.956940336,35,5.916079783,35,1.544068044
-2.797980957,-0.336889853,-2.797980957,-0.941544065,35.5,5.958187644,35.5,1.550228353
-2.748893572,-0.382683432,-2.748893572,-0.923879533,36,6,36,1.556302501
-2.699806187,-0.427555093,-2.699806187,-0.903989293,36.5,6.041522987,36.5,1.562292864
-2.650718801,-0.471396737,-2.650718801,-0.881921264,37,6.08276253,37,1.568201724
-2.601631416,-0.514102744,-2.601631416,-0.85772861,37.5,6.123724357,37.5,1.574031268
-2.552544031,-0.555570233,-2.552544031,-0.831469612,38,6.164414003,38,1.579783597
-2.503456646,-0.595699304,-2.503456646,-0.803207531,38.5,6.204836823,38.5,1.58546073
-2.454369261,-0.634393284,-2.454369261,-0.773010453,39,6.244997998,39,1.591064607
-2.405281875,-0.671558955,-2.405281875,-0.740951125,39.5,6.284902545,39.5,1.596597096
-2.35619449,-0.707106781,-2.35619449,-0.707106781,40,6.32455532,40,1.602059991
-2.307107105,-0.740951125,-2.307107105,-0.671558955,40.5,6.363961031,40.5,1.607455023
-2.25801972,-0.773010453,-2.25801972,-0.634393284,41,6.403124237,41,1.612783857
-2.208932335,-0.803207531,-2.208932335,-0.595699304,41.5,6.442049363,41.5,1.618048097
-2.159844949,-0.831469612,-2.159844949,-0.555570233,42,6.480740698,42,1.62324929
-2.110757564,-0.85772861,-2.110757564,-0.514102744,42.5,6.519202405,42.5,1.62838893
-2.061670179,-0.881921264,-2.061670179,-0.471396737,43,6.557438524,43,1.633468456
-2.012582794,-0.903989293,-2.012582794,-0.427555093,43.5,6.595452979,43.5,1.638489257
-1.963495408,-0.923879533,-1.963495408,-0.382683432,44,6.633249581,44,1.643452676
-1.914408023,-0.941544065,-1.914408023,-0.336889853,44.5,6.670832032,44.5,1.648360011
-1.865320638,-0.956940336,-1.865320638,-0.290284677,45,6.708203932,45,1.653212514
-1.816233253,-0.970031253,-1.816233253,-0.24298018,45.5,6.745368782,45.5,1.658011397
-1.767145868,-0.98078528,-1.767145868,-0.195090322,46,6.782329983,46,1.662757832
-1.718058482,-0.98917651,-1.718058482,-0.146730474,46.5,6.819090848,46.5,1.667452953
-1.668971097,-0.995184727,-1.668971097,-0.09801714,47,6.8556546,47,1.672097858
-1.619883712,-0.998795456,-1.619883712,-0.049067674,47.5,6.892024376,47.5,1.67669361
-1.570796327,-1,-1.570796327,-1.39E-14,48,6.92820323,48,1.681241237
-1.521708942,-0.998795456,-1.521708942,0.049067674,48.5,6.964194139,48.5,1.685741739
-1.472621556,-0.995184727,-1.472621556,0.09801714,49,7,49,1.69019608
-1.423534171,-0.98917651,-1.423534171,0.146730474,49.5,7.03562364,49.5,1.694605199
-1.374446786,-0.98078528,-1.374446786,0.195090322,50,7.071067812,50,1.698970004
-1.325359401,-0.970031253,-1.325359401,0.24298018,50.5,7.106335202,50.5,1.703291378
-1.276272016,-0.956940336,-1.276272016,0.290284677,51,7.141428429,51,1.707570176
-1.22718463,-0.941544065,-1.22718463,0.336889853,51.5,7.176350047,51.5,1.711807229
-1.178097245,-0.923879533,-1.178097245,0.382683432,52,7.211102551,52,1.716003344
-1.12900986,-0.903989293,-1.12900986,0.427555093,52.5,7.245688373,52.5,1.720159303
-1.079922475,-0.881921264,-1.079922475,0.471396737,53,7.280109889,53,1.72427587
-1.030835089,-0.85772861,-1.030835089,0.514102744,53.5,7.314369419,53.5,1.728353782
-0.981747704,-0.831469612,-0.981747704,0.555570233,54,7.348469228,54,1.73239376
-0.932660319,-0.803207531,-0.932660319,0.595699304,54.5,7.38241153,54.5,1.736396502
-0.883572934,-0.773010453,-0.883572934,0.634393284,55,7.416198487,55,1.740362689
-0.834485549,-0.740951125,-0.834485549,0.671558955,55.5,7.449832213,55.5,1.744292983
-0.785398163,-0.707106781,-0.785398163,0.707106781,56,7.483314774,56,1.748188027
-0.736310778,-0.671558955,-0.736310778,0.740951125,56.5,7.516648189,56.5,1.752048448
-0.687223393,-0.634393284,-0.687223393,0.773010453,57,7.549834435,57,1.755874856
-0.638136008,-0.595699304,-0.638136008,0.803207531,57.5,7.582875444,57.5,1.759667845
-0.589048623,-0.555570233,-0.589048623,0.831469612,58,7.615773106,58,1.763427994
-0.539961237,-0.514102744,-0.539961237,0.85772861,58.5,7.64852927,58.5,1.767155866
-0.490873852,-0.471396737,-0.490873852,0.881921264,59,7.681145748,59,1.770852012
-0.441786467,-0.427555093,-0.441786467,0.903989293,59.5,7.71362431,59.5,1.774516966
-0.392699082,-0.382683432,-0.392699082,0.923879533,60,7.745966692,60,1.77815125
-0.343611696,-0.336889853,-0.343611696,0.941544065,60.5,7.778174593,60.5,1.781755375
-0.294524311,-0.290284677,-0.294524311,0.956940336,61,7.810249676,61,1.785329835
-0.245436926,-0.24298018,-0.245436926,0.970031253,61.5,7.842193571,61.5,1.788875116
-0.196349541,-0.195090322,-0.196349541,0.98078528,62,7.874007874,62,1.792391689
-0.147262156,-0.146730474,-0.147262156,0.98917651,62.5,7.90569415,62.5,1.795880017
-0.09817477,-0.09801714,-0.09817477,0.995184727,63,7.937253933,63,1.799340549
-0.049087385,-0.049067674,-0.049087385,0.998795456,63.5,7.968688725,63.5,1.802773725
-1.28E-14,-1.28E-14,-1.28E-14,1,64,8,64,1.806179974
0.049087385,0.049067674,0.049087385,0.998795456,64.5,8.031189202,64.5,1.809559715
0.09817477,0.09801714,0.09817477,0.995184727,65,8.062257748,65,1.812913357
0.147262156,0.146730474,0.147262156,0.98917651,65.5,8.093207028,65.5,1.8162413
0.196349541,0.195090322,0.196349541,0.98078528,66,8.124038405,66,1.819543936
0.245436926,0.24298018,0.245436926,0.970031253,66.5,8.154753215,66.5,1.822821645
0.294524311,0.290284677,0.294524311,0.956940336,67,8.185352772,67,1.826074803
0.343611696,0.336889853,0.343611696,0.941544065,67.5,8.215838363,67.5,1.829303773
0.392699082,0.382683432,0.392699082,0.923879533,68,8.246211251,68,1.832508913
0.441786467,0.427555093,0.441786467,0.903989293,68.5,8.276472679,68.5,1.835690571
0.490873852,0.471396737,0.490873852,0.881921264,69,8.306623863,69,1.838849091
0.539961237,0.514102744,0.539961237,0.85772861,69.5,8.336666,69.5,1.841984805
0.589048623,0.555570233,0.589048623,0.831469612,70,8.366600265,70,1.84509804
0.638136008,0.595699304,0.638136008,0.803207531,70.5,8.396427812,70.5,1.848189117
0.687223393,0.634393284,0.687223393,0.773010453,71,8.426149773,71,1.851258349
0.736310778,0.671558955,0.736310778,0.740951125,71.5,8.455767263,71.5,1.854306042
0.785398163,0.707106781,0.785398163,0.707106781,72,8.485281374,72,1.857332496
0.834485549,0.740951125,0.834485549,0.671558955,72.5,8.514693183,72.5,1.860338007
0.883572934,0.773010453,0.883572934,0.634393284,73,8.544003745,73,1.86332286
0.932660319,0.803207531,0.932660319,0.595699304,73.5,8.5732141,73.5,1.866287339
0.981747704,0.831469612,0.981747704,0.555570233,74,8.602325267,74,1.86923172
1.030835089,0.85772861,1.030835089,0.514102744,74.5,8.631338251,74.5,1.872156273
1.079922475,0.881921264,1.079922475,0.471396737,75,8.660254038,75,1.875061263
1.12900986,0.903989293,1.12900986,0.427555093,75.5,8.689073598,75.5,1.877946952
1.178097245,0.923879533,1.178097245,0.382683432,76,8.717797887,76,1.880813592
1.22718463,0.941544065,1.22718463,0.336889853,76.5,8.746427842,76.5,1.883661435
1.276272016,0.956940336,1.276272016,0.290284677,77,8.774964387,77,1.886490725
1.325359401,0.970031253,1.325359401,0.24298018,77.5,8.803408431,77.5,1.889301703
1.374446786,0.98078528,1.374446786,0.195090322,78,8.831760866,78,1.892094603
1.423534171,0.98917651,1.423534171,0.146730474,78.5,8.860022573,78.5,1.894869657
1.472621556,0.995184727,1.472621556,0.09801714,79,8.888194417,79,1.897627091
1.521708942,0.998795456,1.521708942,0.049067674,79.5,8.91627725,79.5,1.900367129
1.570796327,1,1.570796327,1.18E-14,80,8.94427191,80,1.903089987
1.619883712,0.998795456,1.619883712,-0.049067674,80.5,8.972179222,80.5,1.90579588
1.668971097,0.995184727,1.668971097,-0.09801714,81,9,81,1.908485019
1.718058482,0.98917651,1.718058482,-0.146730474,81.5,9.027735043,81.5,1.911157609
1.767145868,0.98078528,1.767145868,-0.195090322,82,9.055385138,82,1.913813852
1.816233253,0.970031253,1.816233253,-0.24298018,82.5,9.082951062,82.5,1.916453949
1.865320638,0.956940336,1.865320638,-0.290284677,83,9.110433579,83,1.919078092
1.914408023,0.941544065,1.914408023,-0.336889853,83.5,9.137833441,83.5,1.921686475
1.963495408,0.923879533,1.963495408,-0.382683432,84,9.16515139,84,1.924279286
2.012582794,0.903989293,2.012582794,-0.427555093,84.5,9.192388155,84.5,1.926856709
2.061670179,0.881921264,2.061670179,-0.471396737,85,9.219544457,85,1.929418926
2.110757564,0.85772861,2.110757564,-0.514102744,85.5,9.246621004,85.5,1.931966115
2.159844949,0.831469612,2.159844949,-0.555570233,86,9.273618495,86,1.934498451
2.208932335,0.803207531,2.208932335,-0.595699304,86.5,9.300537619,86.5,1.937016107
2.25801972,0.773010453,2.25801972,-0.634393284,87,9.327379053,87,1.939519253
2.307107105,0.740951125,2.307107105,-0.671558955,87.5,9.354143467,87.5,1.942008053
2.35619449,0.707106781,2.35619449,-0.707106781,88,9.38083152,88,1.944482672
2.405281875,0.671558955,2.405281875,-0.740951125,88.5,9.407443861,88.5,1.946943271
2.454369261,0.634393284,2.454369261,-0.773010453,89,9.433981132,89,1.949390007
2.503456646,0.595699304,2.503456646,-0.803207531,89.5,9.460443964,89.5,1.951823035
2.552544031,0.555570233,2.552544031,-0.831469612,90,9.486832981,90,1.954242509
2.601631416,0.514102744,2.601631416,-0.85772861,90.5,9.513148795,90.5,1.956648579
2.650718801,0.471396737,2.650718801,-0.881921264,91,9.539392014,91,1.959041392
2.699806187,0.427555093,2.699806187,-0.903989293,91.5,9.565563235,91.5,1.961421094
2.748893572,0.382683432,2.748893572,-0.923879533,92,9.591663047,92,1.963787827
2.797980957,0.336889853,2.797980957,-0.941544065,92.5,9.617692031,92.5,1.966141733
2.847068342,0.290284677,2.847068342,-0.956940336,93,9.643650761,93,1.968482949
2.896155728,0.24298018,2.896155728,-0.970031253,93.5,9.669539803,93.5,1.970811611
2.945243113,0.195090322,2.945243113,-0.98078528,94,9.695359715,94,1.973127854
2.994330498,0.146730474,2.994330498,-0.98917651,94.5,9.721111048,94.5,1.975431809
3.043417883,0.09801714,3.043417883,-0.995184727,95,9.746794345,95,1.977723605
3.092505268,0.049067674,3.092505268,-0.998795456,95.5,9.772410143,95.5,1.980003372
3.141592654,1.52E-14,3.141592654,-1,96,9.797958971,96,1.982271233
3.190680039,-0.049067674,3.190680039,-0.998795456,96.5,9.823441352,96.5,1.984527313
3.239767424,-0.09801714,3.239767424,-0.995184727,97,9.848857802,97,1.986771734
3.288854809,-0.146730474,3.288854809,-0.98917651,97.5,9.874208829,97.5,1.989004616
3.337942194,-0.195090322,3.337942194,-0.98078528,98,9.899494937,98,1.991226076
3.38702958,-0.24298018,3.38702958,-0.970031253,98.5,9.924716621,98.5,1.99343623
3.436116965,-0.290284677,3.436116965,-0.956940336,99,9.949874371,99,1.995635195
3.48520435,-0.336889853,3.48520435,-0.941544065,99.5,9.974968672,99.5,1.997823081
3.534291735,-0.382683432,3.534291735,-0.923879533,100,10,100,2
3.583379121,-0.427555093,3.583379121,-0.903989293,100.5,10.02496883,100.5,2.002166062
3.632466506,-0.471396737,3.632466506,-0.881921264,101,10.04987562,101,2.004321374
3.681553891,-0.514102744,3.681553891,-0.85772861,101.5,10.07472084,101.5,2.006466042
3.730641276,-0.555570233,3.730641276,-0.831469612,102,10.09950494,102,2.008600172
3.779728661,-0.595699304,3.779728661,-0.803207531,102.5,10.12422837,102.5,2.010723865
3.828816047,-0.634393284,3.828816047,-0.773010453,103,10.14889157,103,2.012837225
3.877903432,-0.671558955,3.877903432,-0.740951125,103.5,10.17349497,103.5,2.01494035
3.926990817,-0.707106781,3.926990817,-0.707106781,104,10.19803903,104,2.017033339
3.976078202,-0.740951125,3.976078202,-0.671558955,104.5,10.22252415,104.5,2.01911629
4.025165587,-0.773010453,4.025165587,-0.634393284,105,10.24695077,105,2.021189299
4.074252973,-0.803207531,4.074252973,-0.595699304,105.5,10.27131929,105.5,2.02325246
4.123340358,-0.831469612,4.123340358,-0.555570233,106,10.29563014,106,2.025305865
4.172427743,-0.85772861,4.172427743,-0.514102744,106.5,10.31988372,106.5,2.027349608
4.221515128,-0.881921264,4.221515128,-0.471396737,107,10.34408043,107,2.029383778
4.270602513,-0.903989293,4.270602513,-0.427555093,107.5,10.36822068,107.5,2.031408464
4.319689899,-0.923879533,4.319689899,-0.382683432,108,10.39230485,108,2.033423755
4.368777284,-0.941544065,4.368777284,-0.336889853,108.5,10.41633333,108.5,2.035429738
4.417864669,-0.956940336,4.417864669,-0.290284677,109,10.44030651,109,2.037426498
4.466952054,-0.970031253,4.466952054,-0.24298018,109.5,10.46422477,109.5,2.039414119
4.51603944,-0.98078528,4.51603944,-0.195090322,110,10.48808848,110,2.041392685
4.565126825,-0.98917651,4.565126825,-0.146730474,110.5,10.51189802,110.5,2.043362278
4.61421421,-0.995184727,4.61421421,-0.09801714,111,10.53565375,111,2.045322979
4.663301595,-0.998795456,4.663301595,-0.049067674,111.5,10.55935604,111.5,2.047274867
4.71238898,-1,4.71238898,-2.06E-14,112,10.58300524,112,2.049218023
4.761476366,-0.998795456,4.761476366,0.049067674,112.5,10.60660172,112.5,2.051152522
4.810563751,-0.995184727,4.810563751,0.09801714,113,10.63014581,113,2.053078443
4.859651136,-0.98917651,4.859651136,0.146730474,113.5,10.65363788,113.5,2.054995862
4.908738521,-0.98078528,4.908738521,0.195090322,114,10.67707825,114,2.056904851
4.957825906,-0.970031253,4.957825906,0.24298018,114.5,10.70046728,114.5,2.058805487
5.006913292,-0.956940336,5.006913292,0.290284677,115,10.72380529,115,2.06069784
5.056000677,-0.941544065,5.056000677,0.336889853,115.5,10.74709263,115.5,2.062581984
5.105088062,-0.923879533,5.105088062,0.382683432,116,10.77032961,116,2.064457989
5.154175447,-0.903989293,5.154175447,0.427555093,116.5,10.79351657,116.5,2.066325925
5.203262833,-0.881921264,5.203262833,0.471396737,117,10.81665383,117,2.068185862
5.252350218,-0.85772861,5.252350218,0.514102744,117.5,10.83974169,117.5,2.070037867
5.301437603,-0.831469612,5.301437603,0.555570233,118,10.86278049,118,2.071882007
5.350524988,-0.803207531,5.350524988,0.595699304,118.5,10.88577053,118.5,2.07371835
5.399612373,-0.773010453,5.399612373,0.634393284,119,10.90871211,119,2.075546961
5.448699759,-0.740951125,5.448699759,0.671558955,119.5,10.93160555,119.5,2.077367905
5.497787144,-0.707106781,5.497787144,0.707106781,120,10.95445115,120,2.079181246
5.546874529,-0.671558955,5.546874529,0.740951125,120.5,10.9772492,120.5,2.080987047
5.595961914,-0.634393284,5.595961914,0.773010453,121,11,121,2.08278537
5.645049299,-0.595699304,5.645049299,0.803207531,121.5,11.02270384,121.5,2.084576278
5.694136685,-0.555570233,5.694136685,0.831469612,122,11.04536102,122,2.086359831
5.74322407,-0.514102744,5.74322407,0.85772861,122.5,11.06797181,122.5,2.088136089
5.792311455,-0.471396737,5.792311455,0.881921264,123,11.09053651,123,2.089905111
5.84139884,-0.427555093,5.84139884,0.903989293,123.5,11.11305539,123.5,2.091666958
5.890486225,-0.382683432,5.890486225,0.923879533,124,11.13552873,124,2.093421685
5.939573611,-0.336889853,5.939573611,0.941544065,124.5,11.1579568,124.5,2.095169351
5.988660996,-0.290284677,5.988660996,0.956940336,125,11.18033989,125,2.096910013
6.037748381,-0.24298018,6.037748381,0.970031253,125.5,11.20267825,125.5,2.098643726
6.086835766,-0.195090322,6.086835766,0.98078528,126,11.22497216,126,2.100370545
6.135923152,-0.146730474,6.135923152,0.98917651,126.5,11.24722188,126.5,2.102090526
6.185010537,-0.09801714,6.185010537,0.995184727,127,11.26942767,127,2.103803721
6.234097922,-0.049067674,6.234097922,0.998795456,127.5,11.29158979,127.5,2.105510185
6.283185307,-2.60E-14,6.283185307,1,128,11.3137085,128,2.10720997
,,,,128.5,11.33578405,128.5,2.108903128
,,,,129,11.35781669,129,2.11058971
,,,,129.5,11.37980668,129.5,2.112269768
,,,,130,11.40175425,130,2.113943352
,,,,130.5,11.42365966,130.5,2.115610512
,,,,131,11.44552314,131,2.117271296
,,,,131.5,11.46734494,131.5,2.118925753
,,,,132,11.48912529,132,2.120573931
,,,,132.5,11.51086443,132.5,2.122215878
,,,,133,11.53256259,133,2.123851641
,,,,133.5,11.55422001,133.5,2.125481266
,,,,134,11.5758369,134,2.127104798
,,,,134.5,11.5974135,134.5,2.128722284
,,,,135,11.61895004,135,2.130333768
,,,,135.5,11.64044673,135.5,2.131939295
,,,,136,11.66190379,136,2.133538908
,,,,136.5,11.68332145,136.5,2.135132651
,,,,137,11.70469991,137,2.136720567
,,,,137.5,11.7260394,137.5,2.138302698
,,,,138,11.74734012,138,2.139879086
,,,,138.5,11.7686023,138.5,2.141449773
,,,,139,11.78982612,139,2.1430148
,,,,139.5,11.81101181,139.5,2.144574208
,,,,140,11.83215957,140,2.146128036
,,,,140.5,11.85326959,140.5,2.147676324
,,,,141,11.87434209,141,2.149219113
,,,,141.5,11.89537725,141.5,2.15075644
,,,,142,11.91637529,142,2.152288344
,,,,142.5,11.93733639,142.5,2.153814864
,,,,143,11.95826074,143,2.155336037
,,,,143.5,11.97914855,143.5,2.156851901
,,,,144,12,144,2.158362492
,,,,144.5,12.02081528,144.5,2.159867847
,,,,145,12.04159458,145,2.161368002
,,,,145.5,12.06233808,145.5,2.162862993
,,,,146,12.08304597,146,2.164352856
,,,,146.5,12.10371844,146.5,2.165837625
,,,,147,12.12435565,147,2.167317335
,,,,147.5,12.1449578,147.5,2.16879202
,,,,148,12.16552506,148,2.170261715
,,,,148.5,12.18605761,148.5,2.171726454
,,,,149,12.20655562,149,2.173186268
,,,,149.5,12.22701926,149.5,2.174641193
,,,,150,12.24744871,150,2.176091259
,,,,150.5,12.26784415,150.5,2.1775365
,,,,151,12.28820573,151,2.178976947
,,,,151.5,12.30853363,151.5,2.180412633
,,,,152,12.32882801,152,2.181843588
,,,,152.5,12.34908904,152.5,2.183269844
,,,,153,12.36931688,153,2.184691431
,,,,153.5,12.38951169,153.5,2.18610838
,,,,154,12.40967365,154,2.187520721
,,,,154.5,12.42980289,154.5,2.188928484
,,,,155,12.4498996,155,2.190331698
,,,,155.5,12.46996391,155.5,2.191730393
,,,,156,12.489996,156,2.193124598
,,,,156.5,12.509996,156.5,2.194514342
,,,,157,12.52996409,157,2.195899652
,,,,157.5,12.5499004,157.5,2.197280558
,,,,158,12.56980509,158,2.198657087
,,,,158.5,12.58967831,158.5,2.200029267
,,,,159,12.60952021,159,2.201397124
,,,,159.5,12.62933094,159.5,2.202760687
,,,,160,12.64911064,160,2.204119983
,,,,160.5,12.66885946,160.5,2.205475037
,,,,161,12.68857754,161,2.206825876
,,,,161.5,12.70826503,161.5,2.208172527
,,,,162,12.72792206,162,2.209515015
,,,,162.5,12.74754878,162.5,2.210853365
,,,,163,12.76714533,163,2.212187604
,,,,163.5,12.78671185,163.5,2.213517757
,,,,164,12.80624847,164,2.214843848
,,,,164.5,12.82575534,164.5,2.216165902
,,,,165,12.84523258,165,2.217483944
,,,,165.5,12.86468033,165.5,2.218797998
,,,,166,12.88409873,166,2.220108088
,,,,166.5,12.9034879,166.5,2.221414238
,,,,167,12.92284798,167,2.222716471
,,,,167.5,12.94217911,167.5,2.224014811
,,,,168,12.9614814,168,2.225309282
,,,,168.5,12.98075499,168.5,2.226599905
,,,,169,13,169,2.227886705
,,,,169.5,13.01921657,169.5,2.229169703
,,,,170,13.03840481,170,2.230448921
,,,,170.5,13.05756486,170.5,2.231724383
,,,,171,13.07669683,171,2.23299611
,,,,171.5,13.09580085,171.5,2.234264124
,,,,172,13.11487705,172,2.235528447
,,,,172.5,13.13392554,172.5,2.236789099
,,,,173,13.15294644,173,2.238046103
,,,,173.5,13.17193987,173.5,2.239299479
,,,,174,13.19090596,174,2.240549248
,,,,174.5,13.20984481,174.5,2.241795431
,,,,175,13.22875656,175,2.243038049
,,,,175.5,13.2476413,175.5,2.244277121
,,,,176,13.26649916,176,2.245512668
,,,,176.5,13.28533026,176.5,2.24674471
,,,,177,13.3041347,177,2.247973266
,,,,177.5,13.32291259,177.5,2.249198357
,,,,178,13.34166406,178,2.250420002
,,,,178.5,13.36038922,178.5,2.25163822
,,,,179,13.37908816,179,2.252853031
,,,,179.5,13.39776101,179.5,2.254064453
,,,,180,13.41640786,180,2.255272505
,,,,180.5,13.43502884,180.5,2.256477206
,,,,181,13.45362405,181,2.257678575
,,,,181.5,13.47219359,181.5,2.258876629
,,,,182,13.49073756,182,2.260071388
,,,,182.5,13.50925609,182.5,2.261262869
,,,,183,13.52774926,183,2.26245109
,,,,183.5,13.54621718,183.5,2.263636069
,,,,184,13.56465997,184,2.264817823
,,,,184.5,13.58307771,184.5,2.26599637
,,,,185,13.60147051,185,2.267171728
,,,,185.5,13.61983847,185.5,2.268343914
,,,,186,13.6381817,186,2.269512944
,,,,186.5,13.65650028,186.5,2.270678836
,,,,187,13.67479433,187,2.271841607
,,,,187.5,13.69306394,187.5,2.273001272
,,,,188,13.7113092,188,2.274157849
,,,,188.5,13.72953022,188.5,2.275311355
,,,,189,13.74772708,189,2.276461804
,,,,189.5,13.7658999,189.5,2.277609214
,,,,190,13.78404875,190,2.278753601
,,,,190.5,13.80217374,190.5,2.27989498
,,,,191,13.82027496,191,2.281033367
,,,,191.5,13.8383525,191.5,2.282168778
,,,,192,13.85640646,192,2.283301229
,,,,192.5,13.87443693,192.5,2.284430734
,,,,193,13.89244399,193,2.285557309
,,,,193.5,13.91042774,193.5,2.286680969
,,,,194,13.92838828,194,2.28780173
,,,,194.5,13.94632568,194.5,2.288919606
,,,,195,13.96424004,195,2.290034611
,,,,195.5,13.98213145,195.5,2.291146762
,,,,196,14,196,2.292256071
,,,,196.5,14.01784577,196.5,2.293362555
,,,,197,14.03566885,197,2.294466226
,,,,197.5,14.05346932,197.5,2.2955671
,,,,198,14.07124728,198,2.29666519
,,,,198.5,14.0890028,198.5,2.297760511
,,,,199,14.10673598,199,2.298853076
,,,,199.5,14.12444689,199.5,2.2999429
,,,,,,200,2.301029996
